Token,Length,Frequency
dan,3,77
yang,4,58
berhak,6,33
orang,5,30
dengan,6,26
atas,4,25
Pasal,5,25
Setiap,6,24
atau,4,22
untuk,5,21
dalam,5,19
kebebasan,9,19
dari,4,18
di,2,15
hukum,5,13
sama,4,11
tidak,5,11
hak-hak,7,11
manusia,7,9
ini,3,9
seorang,7,8
pun,3,8
lain,4,8
baik,4,7
dasar,5,7
Menimbang,9,7
pelanggaran,11,7
hak,3,7
bahwa,5,7
oleh,4,6
maupun,6,6
secara,6,6
perlindungan,12,6
Tidak,5,6
perbuatan,9,6
setiap,6,6
umum,4,6
boleh,5,6
serta,5,6
akan,4,6
telah,5,5
sendiri,7,5
karena,6,5
sosial,6,5
termasuk,8,5
agama,5,5
bebas,5,5
sebagai,7,5
terhadap,8,5
suatu,5,5
Pernyataan,10,5
semua,5,5
Perserikatan,12,4
Bangsa-Bangsa,13,4
asasi,5,4
berada,6,4
masyarakat,10,4
nasional,8,4
pengadilan,10,4
melakukan,9,4
kewarga,7,4
tanpa,5,4
martabat,8,4
negerinya,9,4
Semua,5,4
pekerjaan,9,4
menjamin,8,4
internasional,13,4
menurut,7,4
itu,3,4
mempunyai,9,4
negara,6,4
diskriminasi,12,4
nurani,6,3
pada,4,3
jaminan,7,3
diperlukan,10,3
kedudukan,9,3
negaraan,8,3
pendapat,8,3
mendapat,8,3
adil,4,3
tersebut,8,3
lebih,5,3
hati,4,3
politik,7,3
tindakan,8,3
pengakuan,9,3
keluarganya,11,3
bangsa-bangsa,13,3
perlu,5,3
dapat,5,3
tentang,7,3
kepercayaan,11,3
Umum,4,3
dilakukan,9,3
mana,4,3
sesuatu,7,3
mereka,6,2
melalui,7,2
dilaksanakan,12,2
saja,4,2
satu,4,2
dinyatakan,10,2
adalah,6,2
seperti,7,2
hubungan,8,2
Negara-Negara,13,2
harus,5,2
merdeka,7,2
Anggota,7,2
Hak-Hak,7,2
bertentangan,12,2
saat,4,2
menjadi,7,2
gangguan,8,2
bawah,5,2
memiliki,8,2
sewenang-wenang,15,2
mencapai,8,2
Negara,6,2
depan,5,2
rakyat,6,2
kepadanya,9,2
kemerdekaan,11,2
memilih,7,2
melindungi,10,2
wanita,6,2
apapun,6,2
anggota,7,2
kekurangan,10,2
efektif,7,2
dunia,5,2
menerima,8,2
bersama-sama,12,2
kebangsaan,10,2
negeri,6,2
alamiah,7,2
tak,3,2
berkala,7,2
pengejaran,10,2
bentuk,6,2
perkawinan,10,2
bersifat,8,2
menyatakan,10,2
kemajuan,8,2
penuh,5,2
pikiran,7,2
taraf,5,2
memperoleh,10,2
terbuka,7,2
serikat,7,2
seseorang,9,2
suara,5,2
hidup,5,2
jalan,5,2
memasuki,8,2
keluarga,8,2
ataupun,7,2
perawatan,9,2
sangat,6,2
Asasi,5,2
pribadinya,10,2
memandang,9,2
mencari,7,2
Mereka,6,2
hukuman,7,2
Tak,3,2
penghargaan,11,2
diperkenankan,13,2
bantuan,7,2
melaksanakan,12,2
ketika,6,2
pembatasan,10,2
batas-batas,11,2
semena-mena,11,2
pemerintahan,12,2
menggalakkan,12,2
Manusia,7,2
kekuasaan,9,2
undang-undang,13,2
pengupahan,10,2
tujuan,6,2
pembangunan,11,1
penghormatan,12,1
surat,5,1
ke,2,1
upah,4,1
martabatnya,11,1
kelahiran,9,1
perburuhan,10,1
kesempatan,10,1
sesuai,6,1
segala,6,1
berbicara,9,1
kesejahteraan,13,1
batasan,7,1
bergerak,8,1
terpaksa,8,1
pengangguran,12,1
kesehatan,9,1
harta,5,1
sungguh-sungguh,15,1
bekerjasama,11,1
bergaul,7,1
disangka,8,1
merupakan,9,1
mengalami,9,1
kelalaian,9,1
lainnya,7,1
penindasan,10,1
pemerintah,10,1
dia,3,1
persaudaraan,12,1
lanjut,6,1
tertinggi,9,1
kehidupan,9,1
janda,5,1
apa,3,1
dewasa,6,1
pencarian,9,1
diangkat,8,1
anak-anak,9,1
diri,4,1
luas,4,1
cara,4,1
budak,5,1
dilahirkan,10,1
jabatan,7,1
semangat,8,1
dijatuhkan,10,1
hendaknya,9,1
maka,4,1
kedua,5,1
hal,3,1
ibadahnya,9,1
perlakuan,9,1
kemarahan,9,1
kerjasama,9,1
mengajar,8,1
ditambah,8,1
pidana,6,1
diperbudak,10,1
berganti,8,1
Para,4,1
Di,2,1
perbudakan,10,1
ditolak,7,1
peraturan,9,1
mengajarkannya,14,1
kulit,5,1
memproklamasikan,16,1
kelamin,7,1
memihak,7,1
mutlak,6,1
dibuktikan,10,1
suaka,5,1
manusiawi,9,1
usia,4,1
menimbulkan,11,1
pemungutan,10,1
akal,4,1
sekali,6,1
nama,4,1
Majelis,7,1
kepentingannya,14,1
cara-cara,9,1
hanya,5,1
dibuang,7,1
dituntut,8,1
mata,4,1
berserikat,10,1
pembelaannya,12,1
kewajibannya,12,1
pemberontakan,13,1
ditahan,7,1
ekonomi,7,1
media,5,1
wakil-wakil,11,1
pilih,5,1
progresif,9,1
dirampas,8,1
berjanji,8,1
Perkawinan,10,1
terbentuknya,12,1
diperhambakan,13,1
jujur,5,1
mengarah,8,1
daerah-daerah,13,1
berbentuk,9,1
sudah,5,1
menyuratnya,11,1
kemasyarakatan,14,1
istirahat,9,1
rasa,4,1
kedaulatan,10,1
hari,4,1
janji,5,1
penghidupan,11,1
berasal,7,1
ketakutan,9,1
perantaraan,11,1
dihukum,7,1
berdiam,7,1
pertumbuhan,11,1
kasus,5,1
negara-negara,13,1
keselamatan,11,1
milik,5,1
Pria,4,1
fundamental,11,1
digalakkan,10,1
usaha,5,1
disiksa,7,1
cacat,5,1
Juga,4,1
kekayaan,8,1
jam,3,1
mengganti,9,1
muka,4,1
keadaan,7,1
mempraktekkannya,16,1
cita-cita,9,1
warna,5,1
kejahatan-kejahatan,19,1
dikaruniai,10,1
bersalah,8,1
mengabaikan,11,1
damai,5,1
mendidik,8,1
mengecap,8,1
kompeten,8,1
juga,4,1
memberikan,10,1
Mukadimah,9,1
soal,4,1
daerah,6,1
negaraannya,11,1
berhubungan,11,1
tempat,6,1
universal,9,1
dirinya,7,1
buah,4,1
ibu,3,1
kelaliman,9,1
dibatasi,8,1
perkumpulan,11,1
diperbolehkan,13,1
dipaksa,7,1
pelayanan,9,1
pemilihan,9,1
jenis,5,1
menderita,9,1
perdamaian,10,1
badan,5,1
perdagangan,11,1
berlainan,9,1
kekuasaannya,12,1
terakhir,8,1
perceraian,10,1
kesalahannya,12,1
lagi,4,1
berusaha,8,1
nilai,5,1
guna,4,1
tercantum,9,1
pengertian,10,1
meninggalkan,12,1
dipilih,7,1
wilayah-wilayah,15,1
luar,4,1
keberhasilan,12,1
pilihan,7,1
bahasa,6,1
berdasarkan,11,1
urusan,6,1
mesti,5,1
organisasi,10,1
membentuk,9,1
diberikan,9,1
individu,8,1
persahabatan,12,1
pelaksanaan,11,1
umat,4,1
diperlakukan,12,1
jika,4,1
usaha-usaha,11,1
membeda-bedakan,15,1
keadilan,8,1
rumah,5,1
nikah,5,1
langsung,8,1
direndahkan,11,1
dilarang,8,1
sakit,5,1
baiknya,7,1
Keluarga,8,1
kenikmatan,10,1
dicabut,7,1
mengakibatkan,13,1
persamaan,9,1
informasi,9,1
rendah,6,1
mempelai,8,1
menikmati,9,1
benar-benar,11,1
kejam,5,1
asal,4,1
kehormatannya,13,1
mendirikan,10,1
kebudayaan,10,1
hasutan,7,1
pantas,6,1
mula,4,1
jajahan,7,1
berkumpul,9,1
turut,5,1
bangsa,6,1
pria,4,1
dikenakan,9,1
kembali,7,1
biasa,5,1
timbul,6,1
liburan,7,1
mentaatinya,11,1
dipersalahkan,13,1
berat,5,1
kesehatannya,12,1
Hak,3,1
tuntutan,8,1
perumahan,9,1
perbedaan,9,1
menyampaikan,12,1
kesatuan,8,1
pekerja,7,1
sampai,6,1
syarat-syarat,13,1
kerja,5,1
supaya,6,1
seharusnya,10,1
sumber-sumber,13,1
pangan,6,1
daripada,8,1
ana,3,1
bengis,6,1
perwalian,9,1
bertekad,8,1
rahasia,7,1
persetujuan,11,1
penghormatannya,15,1
ras,3,1
haknya,6,1
menentang,9,1
pakaian,7,1
hartanya,8,1
bermartabat,11,1
mengingat,9,1
menganggur,10,1
standar,7,1
berlaku,7,1
libur,5,1
masa,4,1
agar,4,1
ia,2,1
dilindungi,10,1
layak,5,1
semacam,7,1
kehidupannya,12,1
senantiasa,10,1
penting,7,1
wilayah,7,1
kehendak,8,1
dianggap,8,1
perkecualian,12,1
antara,6,1
diganggu,8,1
samping,7,1
Kehendak,8,1
pribadi,7,1
menjatuhkan,11,1
menetapkan,10,1
tangganya,9,1
kewajiban,9,1
beragama,8,1
istimewa,8,1
Piagam,6,1
mengeluarkan,12,1
ditangkap,9,1
